interest_id,interest_name,interest_position
itr-019b0c71-83d3-7e94-a857-afc8d9e9b3b4,3D Printing,0
itr-019b0c71-83d4-7ff2-b719-f13912513f47,Acroyoga,1
itr-019b0c71-83d4-7ff2-b719-f13abebc1e80,Amateur Astronomy,2
itr-019b0c71-83d4-7ff2-b719-f13bf1147448,Amateur Radio,3
itr-019b0c71-83d4-7ff2-b719-f13c49fc6f32,Amateur Theater,4
itr-019b0c71-83d4-7ff2-b719-f13da4a1339f,Archery,5
itr-019b0c71-83d4-7ff2-b719-f13e4f4ae8ce,Astrophotography,6
itr-019b0c71-83d4-7ff2-b719-f13fb61590d1,Backpacking,7
itr-019b0c71-83d4-7ff2-b719-f140a9013bcf,Baking,8
itr-019b0c71-83d4-7ff2-b719-f141c5b9c842,Beekeeping,9
itr-019b0c71-83d4-7ff2-b719-f142f3056445,Birdwatching,10
itr-019b0c71-83d4-7ff2-b719-f1438b11214e,Board Games,11
itr-019b0c71-83d4-7ff2-b719-f14462e3efc1,Bowling,12
itr-019b0c71-83d4-7ff2-b719-f14518f12298,Calligraphy,13
itr-019b0c71-83d4-7ff2-b719-f1467c159b0a,Car Restoration,14
itr-019b0c71-83d4-7ff2-b719-f1475e21cedf,Carpentry,15
itr-019b0c71-83d4-7ff2-b719-f148c64807e7,Chess,16
itr-019b0c71-83d4-7ff2-b719-f1494ecba4c4,Coin Collecting,17
itr-019b0c71-83d4-7ff2-b719-f14a8ba78b74,Cooking,18
itr-019b0c71-83d4-7ff2-b719-f14b4de028c4,CrossFit,19
itr-019b0c71-83d4-7ff2-b719-f14c0336509e,Crossword Puzzles,20
itr-019b0c71-83d4-7ff2-b719-f14dec7da046,Cycling,21
itr-019b0c71-83d4-7ff2-b719-f14e3f7c83ee,Dancing,22
itr-019b0c71-83d4-7ff2-b719-f14f7b3873ea,Digital Art,23
itr-019b0c71-83d4-7ff2-b719-f1509361a088,DJing,24
itr-019b0c71-83d4-7ff2-b719-f15198ab4845,Drawing,25
itr-019b0c71-83d4-7ff2-b719-f15272d93fc1,Drone Flying,26
itr-019b0c71-83d4-7ff2-b719-f153930d2151,Embroidery,27
itr-019b0c71-83d4-7ff2-b719-f15480b6ea9e,Fencing,28
itr-019b0c71-83d4-7ff2-b719-f155ae818d45,Fishing,29
itr-019b0c71-83d4-7ff2-b719-f156ec5713ee,Fitness Gaming,30
itr-019b0c71-83d4-7ff2-b719-f15717d7b0d5,Flower Arranging,31
itr-019b0c71-83d4-7ff2-b719-f15816e58f99,Fly Tying,32
itr-019b0c71-83d4-7ff2-b719-f159e5eaa8d9,Gardening,33
itr-019b0c71-83d4-7ff2-b719-f15a9915abb1,Genealogy,34
itr-019b0c71-83d4-7ff2-b719-f15b6639890b,Geocaching,35
itr-019b0c71-83d4-7ff2-b719-f15c77bf7bcc,Glassblowing,36
itr-019b0c71-83d4-7ff2-b719-f15d4e3990d7,Golf,37
itr-019b0c71-83d4-7ff2-b719-f15e8f4f87bc,Hand Lettering,38
itr-019b0c71-83d4-7ff2-b719-f15f5330f04f,Hiking,39
itr-019b0c71-83d4-7ff2-b719-f160cfa744c3,Home Brewing,40
itr-019b0c71-83d4-7ff2-b719-f161a50e33dc,Home Improvement,41
itr-019b0c71-83d4-7ff2-b719-f1628e2d06d1,Jewelry Making,42
itr-019b0c71-83d4-7ff2-b719-f163edf5b1cd,Jogging,43
itr-019b0c71-83d4-7ff2-b719-f164e70cc328,Journaling,44
itr-019b0c71-83d4-7ff2-b719-f165f502b054,Juggling,45
itr-019b0c71-83d4-7ff2-b719-f16673ee80f9,Kayaking,46
itr-019b0c71-83d4-7ff2-b719-f1678d208c22,Kite Flying,47
itr-019b0c71-83d4-7ff2-b719-f16815a64c82,Knitting,48
itr-019b0c71-83d4-7ff2-b719-f169b89f6b30,Leatherworking,49
itr-019b0c71-83d4-7ff2-b719-f16aad2e9e6c,Martial Arts,50
itr-019b0c71-83d4-7ff2-b719-f16b3c0d6e56,Metal Detecting,51
itr-019b0c71-83d4-7ff2-b719-f16c5b131e11,Mindfulness Meditation,52
itr-019b0c71-83d4-7ff2-b719-f16de9bc5752,Model Building,53
itr-019b0c71-83d4-7ff2-b719-f16efe6d1ccf,Model Railroading,54
itr-019b0c71-83d4-7ff2-b719-f16fa4c50030,Motorcycle Restoration,55
itr-019b0c71-83d4-7ff2-b719-f1707cc4b257,Mountain Biking,56
itr-019b0c71-83d4-7ff2-b719-f17150258902,Origami,57
itr-019b0c71-83d4-7ff2-b719-f17280bd05e8,Painting,58
itr-019b0c71-83d4-7ff2-b719-f17324a15ef6,Parkour,59
itr-019b0c71-83d4-7ff2-b719-f17454d32a64,Photography,60
itr-019b0c71-83d4-7ff2-b719-f175485bc2ec,Podcasting,61
itr-019b0c71-83d4-7ff2-b719-f176c9716f1b,Pottery,62
itr-019b0c71-83d4-7ff2-b719-f1776a04c1d4,Pottery Making,63
itr-019b0c71-83d4-7ff2-b719-f178f8e6706e,Quilting,64
itr-019b0c71-83d4-7ff2-b719-f1792d7bf6eb,Racing Drones,65
itr-019b0c71-83d4-7ff2-b719-f17a2cdfaf9d,RC Car Racing,66
itr-019b0c71-83d4-7ff2-b719-f17baa9b4e9e,Reading,67
itr-019b0c71-83d4-7ff2-b719-f17c12790de9,Rock Climbing,68
itr-019b0c71-83d4-7ff2-b719-f17d2198261d,Rock Collecting,69
itr-019b0c71-83d4-7ff2-b719-f17ee7b9dcbe,Rope Climbing,70
itr-019b0c71-83d4-7ff2-b719-f17fed2df060,Running,71
itr-019b0c71-83d4-7ff2-b719-f180fef2d0b7,Sailing,72
itr-019b0c71-83d4-7ff2-b719-f18191293f3d,Scrabble,73
itr-019b0c71-83d4-7ff2-b719-f18234524ed5,Scrapbooking,74
itr-019b0c71-83d4-7ff2-b719-f183604ad4e3,Scuba Diving,75
itr-019b0c71-83d4-7ff2-b719-f184b4dd0fc9,Sculpting,76
itr-019b0c71-83d4-7ff2-b719-f1859f29e02e,Singing,77
itr-019b0c71-83d5-7bb2-bee0-21c74537b5de,Skateboarding,78
itr-019b0c71-83d5-7bb2-bee0-21c89188635b,Sketching,79
itr-019b0c71-83d5-7bb2-bee0-21c9b279946e,Skydiving,80
itr-019b0c71-83d5-7bb2-bee0-21cad03bdaba,Slacklining,81
itr-019b0c71-83d5-7bb2-bee0-21cb351547f1,Soap Making,82
itr-019b0c71-83d5-7bb2-bee0-21cc012bfe2d,Stand-up Comedy,83
itr-019b0c71-83d5-7bb2-bee0-21cd8a2ddbe7,Surfing,84
itr-019b0c71-83d5-7bb2-bee0-21ce5a1d02c4,Swimming,85
itr-019b0c71-83d5-7bb2-bee0-21cfd2f80ee2,Table Tennis,86
itr-019b0c71-83d5-7bb2-bee0-21d0d4bd9aae,Tennis,87
itr-019b0c71-83d5-7bb2-bee0-21d10e754aee,Ukulele,88
itr-019b0c71-83d5-7bb2-bee0-21d29eacd189,Ultimate Frisbee,89
itr-019b0c71-83d5-7bb2-bee0-21d3dd591dee,Violin,90
itr-019b0c71-83d5-7bb2-bee0-21d42601ea66,Virtual Reality Fitness,91
itr-019b0c71-83d5-7bb2-bee0-21d581c5d401,Virtual Reality Gaming,92
itr-019b0c71-83d5-7bb2-bee0-21d6bc0c9366,Volunteering,93
itr-019b0c71-83d5-7bb2-bee0-21d704c86c47,Watercolor Painting,94
itr-019b0c71-83d5-7bb2-bee0-21d86987f89c,Weightlifting,95
itr-019b0c71-83d5-7bb2-bee0-21d9b3cb6db7,Whittling,96
itr-019b0c71-83d5-7bb2-bee0-21da90b37b2d,Wine Tasting,97
itr-019b0c71-83d5-7bb2-bee0-21db1c452a1c,Wood Carving,98
itr-019b0c71-83d5-7bb2-bee0-21dc58b52548,Woodworking,99
itr-019b0c71-83d5-7bb2-bee0-21ddd51587b7,Writing Short Stories,100
itr-019b0c71-83d5-7bb2-bee0-21deea90db98,Yoga,101
